shanghai|Shanghai|上海|中国|asia|Shanghai|The Bund|外滩|江岸灯火，映亮黄浦江
tokyo|Tokyo|东京|日本|asia|Tokyo|Tokyo Tower|东京塔|城市灯火中的一抹朱红
rio-de-janeiro|Rio de Janeiro|里约热内卢|巴西|south-america|Rio de Janeiro|Christ the Redeemer (statue)|基督像|山海之间，张开双臂
paris|Paris|巴黎|法国|europe|Paris|Eiffel Tower|埃菲尔铁塔|塞纳河畔的钢铁诗行
sydney|Sydney|悉尼|澳大利亚|oceania|Sydney|Sydney Opera House|悉尼歌剧院|海风吹过白色风帆
beijing|Beijing|北京|中国|asia|Beijing|Temple of Heaven|天坛|蓝瓦与朱墙，写下古都的轮廓
hong-kong|Hong Kong|香港|中国|asia|Hong Kong|Victoria Harbour|维多利亚港|山与海，夹住一城霓虹
taipei|Taipei|台北|中国台湾|asia|Taipei|Taipei 101|台北101|群山之间，一座高塔向上生长
seoul|Seoul|首尔|韩国|asia|Seoul|N Seoul Tower|南山首尔塔|在山顶，望向整座城市
busan|Busan|釜山|韩国|asia|Busan|Gwangan Bridge|广安大桥|海上的桥，连接两岸灯火
kyoto|Kyoto|京都|日本|asia|Kyoto|Kinkaku-ji|金阁寺|庭园水面，收住一片金色
osaka|Osaka|大阪|日本|asia|Osaka|Osaka Castle|大阪城|城楼与绿意，留住关西往事
singapore|Singapore|新加坡|新加坡|asia|Singapore|Marina Bay Sands|滨海湾金沙|在海湾上方，停泊一艘天际之船
bangkok|Bangkok|曼谷|泰国|asia|Bangkok|Wat Arun|郑王庙|湄南河畔，尖塔迎向天光
chiang-mai|Chiang Mai|清迈|泰国|asia|Chiang Mai|Wat Chedi Luang|契迪龙寺|古城深处，砖塔静立
hanoi|Hanoi|河内|越南|asia|Hanoi|Hoan Kiem Lake|还剑湖|湖水与街巷，慢慢展开
ho-chi-minh-city|Ho Chi Minh City|胡志明市|越南|asia|Ho Chi Minh City|Notre-Dame Cathedral Basilica of Saigon|西贡圣母大教堂|红砖教堂，站在热带街头
kuala-lumpur|Kuala Lumpur|吉隆坡|马来西亚|asia|Kuala Lumpur|Petronas Towers|双子塔|两座银色高塔，映入热带天空
jakarta|Jakarta|雅加达|印度尼西亚|asia|Jakarta|National Monument (Indonesia)|国家纪念碑|金色火焰，俯瞰城市广场
yogyakarta|Yogyakarta|日惹|印度尼西亚|asia|Yogyakarta|Taman Sari (Yogyakarta)|水宫|旧日王城，藏着水与庭院
manila|Manila|马尼拉|菲律宾|asia|Manila|San Agustin Church (Manila)|圣奥古斯丁教堂|石墙深处，热带阳光缓缓落下
delhi|Delhi|德里|印度|asia|Delhi|India Gate|印度门|大道尽头，一座拱门守望
agra|Agra|阿格拉|印度|asia|Agra|Taj Mahal|泰姬陵|白色穹顶，在水面中成双
jaipur|Jaipur|斋浦尔|印度|asia|Jaipur|Hawa Mahal|风之宫|粉色窗格，接住沙漠的风
mumbai|Mumbai|孟买|印度|asia|Mumbai|Gateway of India|印度之门|阿拉伯海边，拱门面朝船帆
kathmandu|Kathmandu|加德满都|尼泊尔|asia|Kathmandu|Boudhanath|博达哈大佛塔|群山脚下，经幡随风飘动
colombo|Colombo|科伦坡|斯里兰卡|asia|Colombo|Lotus Tower|莲花塔|印度洋旁，一朵莲花升向天空
islamabad|Islamabad|伊斯兰堡|巴基斯坦|asia|Islamabad|Faisal Mosque|费萨尔清真寺|山麓白色帐篷，向四角展开
thimphu|Thimphu|廷布|不丹|asia|Thimphu|Tashichho Dzong|扎西曲宗|山谷里的白墙与红檐
dubai|Dubai|迪拜|阿拉伯联合酋长国|asia|Dubai|Burj Khalifa|哈利法塔|沙漠天际，一道银色针锋
abu-dhabi|Abu Dhabi|阿布扎比|阿拉伯联合酋长国|asia|Abu Dhabi|Sheikh Zayed Grand Mosque|谢赫扎耶德大清真寺|白色穹顶，在水中展开
doha|Doha|多哈|卡塔尔|asia|Doha|Museum of Islamic Art, Doha|伊斯兰艺术博物馆|海湾边，几何石墙接住日光
muscat|Muscat|马斯喀特|阿曼|asia|Muscat|Sultan Qaboos Grand Mosque|苏丹卡布斯大清真寺|山海之间，穹顶与宣礼塔相望
riyadh|Riyadh|利雅得|沙特阿拉伯|asia|Riyadh|Kingdom Centre|王国中心|城市上方，一道天空之门
amman|Amman|安曼|约旦|asia|Amman|Amman Citadel|安曼城堡山|山城高处，石柱迎风
beirut|Beirut|贝鲁特|黎巴嫩|asia|Beirut|Mohammad Al-Amin Mosque|穆罕默德阿明清真寺|蓝色穹顶，靠近地中海
baku|Baku|巴库|阿塞拜疆|asia|Baku|Flame Towers|火焰塔|里海之滨，三束火焰向上
almaty|Almaty|阿拉木图|哈萨克斯坦|asia|Almaty|Ascension Cathedral, Almaty|升天大教堂|雪山脚下，彩色木塔藏在树间
tashkent|Tashkent|塔什干|乌兹别克斯坦|asia|Tashkent|Chorsu Bazaar|楚苏巴扎|蓝色圆顶下，城市慢慢醒来
london|London|伦敦|英国|europe|London|Tower Bridge|伦敦塔桥|两座石塔，跨过泰晤士河
rome|Rome|罗马|意大利|europe|Rome|Colosseum|斗兽场|古老拱廊，围成一座时光之城
venice|Venice|威尼斯|意大利|europe|Venice|Rialto Bridge|里亚托桥|石桥与水道，接住水城晨光
florence|Florence|佛罗伦萨|意大利|europe|Florence|Florence Cathedral|圣母百花大教堂|红色穹顶，浮在托斯卡纳城上
milan|Milan|米兰|意大利|europe|Milan|Milan Cathedral|米兰大教堂|白色尖塔，在广场上铺开
barcelona|Barcelona|巴塞罗那|西班牙|europe|Barcelona|Sagrada Família|圣家堂|石头与光，在城市中生长
madrid|Madrid|马德里|西班牙|europe|Madrid|Palacio de Cibeles|西贝莱斯宫|城市广场，一座白色宫殿
lisbon|Lisbon|里斯本|葡萄牙|europe|Lisbon|Belém Tower|贝伦塔|河口石塔，望向远方海面
porto|Porto|波尔图|葡萄牙|europe|Porto|Dom Luís I Bridge|路易一世大桥|铁桥弧线，越过杜罗河
amsterdam|Amsterdam|阿姆斯特丹|荷兰|europe|Amsterdam|Canals of Amsterdam|阿姆斯特丹运河|水道与窄屋，织出城市纹理
berlin|Berlin|柏林|德国|europe|Berlin|Brandenburg Gate|勃兰登堡门|石柱之上，一辆战车向前
munich|Munich|慕尼黑|德国|europe|Munich|New Town Hall (Munich)|新市政厅|钟楼俯瞰广场与屋顶
prague|Prague|布拉格|捷克|europe|Prague|Charles Bridge|查理大桥|桥上石像，望向伏尔塔瓦河
vienna|Vienna|维也纳|奥地利|europe|Vienna|St. Stephen's Cathedral, Vienna|圣斯蒂芬大教堂|彩色屋瓦，铺向高塔脚下
budapest|Budapest|布达佩斯|匈牙利|europe|Budapest|Hungarian Parliament Building|匈牙利国会大厦|多瑙河畔，一排尖塔倒映
athens|Athens|雅典|希腊|europe|Athens|Parthenon|帕特农神庙|山丘之上，石柱留住旧日光线
istanbul|Istanbul|伊斯坦布尔|土耳其|europe|Istanbul|Hagia Sophia|圣索菲亚|穹顶与海峡，连接城市两岸
copenhagen|Copenhagen|哥本哈根|丹麦|europe|Copenhagen|Nyhavn|新港|彩色屋檐，靠着港湾排开
stockholm|Stockholm|斯德哥尔摩|瑞典|europe|Stockholm|Stockholm City Hall|斯德哥尔摩市政厅|水岸砖塔，望向群岛
oslo|Oslo|奥斯陆|挪威|europe|Oslo|Oslo Opera House|奥斯陆歌剧院|白色斜坡，从峡湾边升起
helsinki|Helsinki|赫尔辛基|芬兰|europe|Helsinki|Helsinki Cathedral|赫尔辛基大教堂|白色柱廊，面对城市广场
reykjavik|Reykjavík|雷克雅未克|冰岛|europe|Reykjavík|Hallgrímskirkja|哈尔格林姆教堂|玄武岩般的塔，立在北方天空
dublin|Dublin|都柏林|爱尔兰|europe|Dublin|Ha'penny Bridge|半便士桥|利菲河上，一道白色弧线
edinburgh|Edinburgh|爱丁堡|英国|europe|Edinburgh|Edinburgh Castle|爱丁堡城堡|岩丘上的城堡，守着旧城
zurich|Zürich|苏黎世|瑞士|europe|Zürich|Grossmünster|苏黎世大教堂|河岸双塔，划出城市天际
lucerne|Lucerne|卢塞恩|瑞士|europe|Lucerne|Kapellbrücke|卡佩尔桥|木桥穿过水面，远山在后
warsaw|Warsaw|华沙|波兰|europe|Warsaw|Palace of Culture and Science|文化科学宫|石色高楼，俯瞰重生的城市
krakow|Kraków|克拉科夫|波兰|europe|Kraków|Wawel Castle|瓦维尔城堡|河湾之上，红瓦城堡静立
tallinn|Tallinn|塔林|爱沙尼亚|europe|Tallinn|Alexander Nevsky Cathedral, Tallinn|亚历山大涅夫斯基大教堂|穹顶与城墙，藏在波罗的海古城
cairo|Cairo|开罗|埃及|africa|Cairo|Mosque of Muhammad Ali|穆罕默德阿里清真寺|城堡山上，穹顶望向尼罗河
alexandria|Alexandria|亚历山大|埃及|africa|Alexandria|Citadel of Qaitbay|凯特贝城堡|海边堡垒，守望地中海
marrakesh|Marrakesh|马拉喀什|摩洛哥|africa|Marrakesh|Kutubiyya Mosque|库图比亚清真寺|红城深处，一座方塔向上
casablanca|Casablanca|卡萨布兰卡|摩洛哥|africa|Casablanca|Hassan II Mosque|哈桑二世清真寺|大西洋岸，宣礼塔向天延伸
tunis|Tunis|突尼斯|突尼斯|africa|Tunis|Al-Zaytuna Mosque|宰图纳清真寺|旧城白墙，围住石色塔楼
algiers|Algiers|阿尔及尔|阿尔及利亚|africa|Algiers|Martyrs' Memorial, Algiers|烈士纪念碑|三片弧形石叶，迎向海风
cape-town|Cape Town|开普敦|南非|africa|Cape Town|Table Mountain|桌山|平顶山下，城市抵达海洋
johannesburg|Johannesburg|约翰内斯堡|南非|africa|Johannesburg|Hillbrow Tower|希尔布罗塔|高原城市，一座细塔穿过天际
nairobi|Nairobi|内罗毕|肯尼亚|africa|Nairobi|Kenyatta International Convention Centre|肯雅塔国际会议中心|城市高楼，带着东非阳光
mombasa|Mombasa|蒙巴萨|肯尼亚|africa|Mombasa|Fort Jesus|耶稣堡|印度洋边，珊瑚石墙留住历史
addis-ababa|Addis Ababa|亚的斯亚贝巴|埃塞俄比亚|africa|Addis Ababa|Holy Trinity Cathedral (Addis Ababa)|圣三一大教堂|高原城中，石墙与穹顶相望
dakar|Dakar|达喀尔|塞内加尔|africa|Dakar|African Renaissance Monument|非洲复兴纪念碑|海岸高处，雕像指向远方
accra|Accra|阿克拉|加纳|africa|Accra|Black Star Gate|黑星门|海边广场，一颗黑星高悬
lagos|Lagos|拉各斯|尼日利亚|africa|Lagos|Lekki-Ikoyi Link Bridge|莱基伊科伊大桥|潟湖上方，桥索拉开城市线条
kigali|Kigali|基加利|卢旺达|africa|Kigali|Kigali Convention Centre|基加利会议中心|千丘之间，一座彩色穹顶
antananarivo|Antananarivo|塔那那利佛|马达加斯加|africa|Antananarivo|Rova of Antananarivo|安塔那那利佛王宫|高地之上，王宫望向红瓦屋顶
new-york|New York|纽约|美国|north-america|New York City|Statue of Liberty|自由女神像|海港之上，一束火焰高举
san-francisco|San Francisco|旧金山|美国|north-america|San Francisco|Golden Gate Bridge|金门大桥|红色桥塔，穿过海湾薄雾
los-angeles|Los Angeles|洛杉矶|美国|north-america|Los Angeles|Griffith Observatory|格里菲斯天文台|山坡穹顶，望向天使之城
chicago|Chicago|芝加哥|美国|north-america|Chicago|Willis Tower|威利斯大厦与城市天际线|银色云朵，收住城市倒影
washington|Washington, D.C.|华盛顿|美国|north-america|Washington, D.C.|United States Capitol|美国国会大厦|白色穹顶，立在城市轴线上
boston|Boston|波士顿|美国|north-america|Boston|Boston Custom House Tower|海关大楼钟塔|旧港城市，钟塔在屋顶间升起
seattle|Seattle|西雅图|美国|north-america|Seattle|Space Needle|太空针塔|海湾与远山，一座高塔在前
miami|Miami|迈阿密|美国|north-america|Miami|Bayside Marketplace|海湾市场|棕榈与海湾，接住南方阳光
las-vegas|Las Vegas|拉斯维加斯|美国|north-america|Las Vegas|Welcome to Fabulous Las Vegas sign|欢迎来到拉斯维加斯|沙漠公路，一块霓虹路牌
vancouver|Vancouver|温哥华|加拿大|north-america|Vancouver|Canada Place|加拿大广场|白色帆顶，靠着港湾展开
toronto|Toronto|多伦多|加拿大|north-america|Toronto|CN Tower|加拿大国家电视塔|湖岸上，一座细塔直入天空
quebec-city|Québec City|魁北克城|加拿大|north-america|Quebec City|Château Frontenac|芳堤娜城堡|圣劳伦斯河边，铜色屋顶高悬
mexico-city|Mexico City|墨西哥城|墨西哥|north-america|Mexico City|Palacio de Bellas Artes|艺术宫|金色穹顶，藏在高原城市
havana|Havana|哈瓦那|古巴|north-america|Havana|El Capitolio|哈瓦那国会大厦|加勒比街头，一座石色穹顶
panama-city|Panama City|巴拿马城|巴拿马|north-america|Panama City|Biomuseo|生物多样性博物馆|海岸边，彩色屋顶迎向天空
san-jose|San José|圣何塞|哥斯达黎加|north-america|San José, Costa Rica|National Theatre of Costa Rica|哥斯达黎加国家剧院|热带高原，剧院面向城市广场
buenos-aires|Buenos Aires|布宜诺斯艾利斯|阿根廷|south-america|Buenos Aires|Obelisco de Buenos Aires|布宜诺斯艾利斯方尖碑|宽阔大道，一枚石针立在中央
sao-paulo|São Paulo|圣保罗|巴西|south-america|São Paulo|São Paulo Cathedral|圣保罗大教堂|高楼之间，两座尖塔并立
brasilia|Brasília|巴西利亚|巴西|south-america|Brasília|Cathedral of Brasília|巴西利亚大教堂|弧形白柱，向天空合拢
salvador|Salvador|萨尔瓦多|巴西|south-america|Salvador, Bahia|Elevador Lacerda|拉塞尔达升降机|海湾之城，一座升降塔连接高低
lima|Lima|利马|秘鲁|south-america|Lima|Cathedral of Lima|利马主教座堂|太平洋旁，古城石塔成双
cusco|Cusco|库斯科|秘鲁|south-america|Cusco|Cusco Cathedral|库斯科大教堂|安第斯高处，石墙围住广场
santiago|Santiago|圣地亚哥|智利|south-america|Santiago|Gran Torre Santiago|圣地亚哥大塔|安第斯山前，一座玻璃高塔
valparaiso|Valparaíso|瓦尔帕莱索|智利|south-america|Valparaíso|Cerro Alegre|欢乐山|海岸山坡，彩色屋檐层层铺开
bogota|Bogotá|波哥大|哥伦比亚|south-america|Bogotá|Monserrate|蒙塞拉特山|高原城市，山顶教堂在云边
cartagena|Cartagena|卡塔赫纳|哥伦比亚|south-america|Cartagena, Colombia|Castillo San Felipe de Barajas|圣费利佩城堡|加勒比海边，石墙面向海风
quito|Quito|基多|厄瓜多尔|south-america|Quito|Basílica del Voto Nacional|国家誓言圣殿|赤道高原，尖塔望向山谷
montevideo|Montevideo|蒙得维的亚|乌拉圭|south-america|Montevideo|Palacio Salvo|萨尔沃宫|拉普拉塔河旁，一座塔楼升起
la-paz|La Paz|拉巴斯|玻利维亚|south-america|La Paz|Basilica of San Francisco, La Paz|圣弗朗西斯科教堂|山谷深处，石刻立面迎着高原光
melbourne|Melbourne|墨尔本|澳大利亚|oceania|Melbourne|Flinders Street railway station|弗林德斯街车站|金色圆顶，守着城市街角
brisbane|Brisbane|布里斯班|澳大利亚|oceania|Brisbane|Story Bridge|故事桥|河道蜿蜒，钢桥越过水面
perth|Perth|珀斯|澳大利亚|oceania|Perth|Elizabeth Quay|伊丽莎白码头|天鹅河畔，城市在水边展开
auckland|Auckland|奥克兰|新西兰|oceania|Auckland|Sky Tower (Auckland)|天空塔|两片海之间，一座高塔向上
wellington|Wellington|惠灵顿|新西兰|oceania|Wellington|Wellington Cable Car|惠灵顿缆车|红色车厢，沿山坡抵达海湾
suva|Suva|苏瓦|斐济|oceania|Suva|Suva|苏瓦海港|南太平洋上，港口靠着绿山
port-moresby|Port Moresby|莫尔兹比港|巴布亚新几内亚|oceania|Port Moresby|Port Moresby|莫尔兹比港城市景观|热带海湾，城市沿岸生长
